name,orgType,theme,themes,venue,address,lat,lng,url,description,initiatives,labels
Ngāti Toa Rangatira,Iwi & Marae,Weaving Porirua Together,"Weaving Porirua Together, How We Roll, Te Taiao, Rangatahi",Takapūwāhia Marae,"Takapūwāhia, Porirua",-41.1363,174.8405,https://www.ngatitoa.iwi.nz/,"Mana whenua of Porirua. Iwi-led kaitiakitanga of Te Awarua-o-Porirua, hosting the Porirua Assembly and Te Wāhi Tiaki Tātou kaupapa. Marae at Takapūwāhia and Hongoeka (Plimmerton).",Te Wāhi Tiaki Tātou / Porirua Assembly auspice | Marae Resilience Support programme | Rangatahi wānanga across Takapūwāhia and Hongoeka,mana whenua | kaitiakitanga | marae | Te Tiriti
Te Wāhi Tiaki Tātou,Community Group,Weaving Porirua Together,"Weaving Porirua Together, How We Roll, Know More Do More",Porirua,Porirua,-41.1355,174.8423,https://reindeer-avocado-974t.squarespace.com/,"Iwi-led community rōpū convening leaders across Porirua, running the Reimagining Hui, the Porirua Community Leaders' Forum and the Porirua Assembly. Coordinates shared priorities for collective impact.","Reimagining Hui (mental health, diabetes, dental, tāngata whaikaha) | Monthly e-Pānui | Porirua Community Leaders' Forum",iwi-led | convening | deliberative | e-pānui
Porirua Community Leaders' Forum (PCLF),Community Group,Weaving Porirua Together,"Weaving Porirua Together, How We Roll",Te Rauparaha Arena,"17 Parumoana Street, Porirua",-41.1367,174.8409,https://reindeer-avocado-974t.squarespace.com/porirua-community-leaders-forum,"Forum of Porirua's iwi, Pacific, community, migrant, business and education leaders. Hosts kaupapa groups that turn shared priorities into practical action on kai, housing and wider systems.","Kaupapa Groups (Kai, Housing) | PCLF Operating Model | Collective impact coordination",leaders forum | convening | collective impact
Porirua Assembly,Community Group,How We Roll,"How We Roll, Te Taiao, Weaving Porirua Together",Te Rauparaha Arena,"17 Parumoana Street, Porirua",-41.1366,174.8411,https://reindeer-avocado-974t.squarespace.com/porirua-assembly,"Aotearoa's first iwi-led citizens' assembly on climate. Produced six overarching recommendations after 40+ community members deliberated with mana whenua, experts and each other.",Porirua Assembly Recommendations (2025) | A Place of Firsts — public reflections | Deliberative democracy model for climate action,citizens' assembly | climate | deliberative democracy | Aotearoa first
R.O.C.C. — Resilience to Organised Crime in Communities,Community Group,Weaving Porirua Together,"Weaving Porirua Together, Rangatahi",Porirua,Porirua,-41.1392,174.8436,https://reindeer-avocado-974t.squarespace.com/rocc,"Locally-led, socially-grounded response to the harms of methamphetamine and organised crime in Porirua. Supports rangatahi and vulnerable whānau, informed by Reimagining Hui kōrero.",Harm minimisation education | Wānanga with rangatahi at risk | Data-informed Op-Eds (National Drug Intelligence Bureau),meth | organised crime | harm minimisation | whānau safety
Wesley Community Action,Community Group,Weaving Porirua Together,Weaving Porirua Together,Wesley Community Action,Porirua,-41.1395,174.8432,https://wesleyca.org.nz/,"Long-standing Porirua-based community action agency partnering on R.O.C.C. and wider whānau support. Runs financial mentoring, food support and community-led responses to harm.",R.O.C.C. delivery partner | Financial mentoring | Community food programmes,community action | financial mentoring | food support
Pātaka Kai,Community Group,Weaving Porirua Together,Weaving Porirua Together,Cannons Creek,"Cannons Creek, Porirua",-41.1478,174.8515,,"Community kai distribution — 1,428 kai packs delivered to Porirua whānau in the last half of 2025. Operates at the short-term relief end of the Community Food Security Continuum.",Weekly kai packs for whānau in need | Coordination with kai providers across Porirua,kai | food relief | Cannons Creek
Ngahere Korowai,Community Group,Te Taiao,"Te Taiao, Know More Do More",Te Awarua-o-Porirua catchment,Porirua,-41.12,174.865,,"Native afforestation kaupapa restoring ngahere across the Te Awarua-o-Porirua catchment. Works alongside schools, kura, Ngāti Toa and environmental organisations on biodiversity and climate resilience.",Community planting days | Catchment-scale native restoration | Schools + iwi collaboration,ngahere | native planting | catchment restoration
Para Kore,Community Group,How Stuff Works,"How Stuff Works, Know More Do More",Pātaka Art + Museum,"17 Parumoana Street, Porirua",-41.1363,174.8418,https://parakore.maori.nz/,"Kaupapa Māori zero-waste organisation running the 5 Rs (Refuse, Reduce, Reuse, Recycle, Responsibility) with marae, kura and communities across Aotearoa, including Porirua.",Marae and kura zero-waste audits | Community repair cafés | Mana whenua-led waste reduction education,zero waste | kaupapa Māori | 5 Rs
Autism NZ (Wellington region),Community Group,How Stuff Works,"How Stuff Works, Rangatahi",Porirua,Porirua (community venues),-41.138,174.842,https://www.autismnz.org.nz/,"Information, advocacy and support for autistic tamariki, rangatahi and whānau. Partners with Te Wāhi Tiaki Tātou on Takiwatanga Tamariki presentations.",Takiwatanga Tamariki Q&A | Whānau support groups | Educator and provider training,takiwatanga | neurodivergence | whānau support
Kai Kaupapa Group,Kaupapa Group,Weaving Porirua Together,"Weaving Porirua Together, Te Taiao",Te Rauparaha Arena,"17 Parumoana Street, Porirua",-41.1369,174.8411,https://reindeer-avocado-974t.squarespace.com/kai,"PCLF kaupapa group bringing providers, iwi and community leaders together to shape Porirua's kai system. Aligned with Goal 2 of the Regional Food System Plan.","Aligning Pātaka Kai, Te Umu ki Rangituhi and kai providers | Contribution to the Regional Food System Plan | Food Security Continuum work",kai system | PCLF | Food System Plan
Housing Kaupapa Group,Kaupapa Group,How We Roll,"How We Roll, Weaving Porirua Together",Te Āhuru Mōwai,Porirua,-41.1384,174.8414,https://reindeer-avocado-974t.squarespace.com/housing,"PCLF kaupapa group working across the Housing Continuum with iwi, Te Āhuru Mōwai, Kāinga Ora and community housing providers on access, coordination and wrap-around supports.",Coordination across housing providers | Shared visibility of housing stock | Responses to severe housing deprivation in Porirua,housing continuum | PCLF | coordination
Te Umu ki Rangituhi — Porirua's Social Supermarket,Social Enterprise,Weaving Porirua Together,Weaving Porirua Together,Te Umu ki Rangituhi,Porirua,-41.1402,174.8448,https://reindeer-avocado-974t.squarespace.com/kai,"Porirua's social supermarket. Restores choice and dignity for whānau needing kai support — 1,017 tangata supported in the second half of 2025.","Affordable, dignified kai access | Reducing stigma in food support | Supporting wider kai system coordination",social supermarket | kai | dignity
Te Āhuru Mōwai,Social Enterprise,How We Roll,"How We Roll, Weaving Porirua Together",Te Āhuru Mōwai,Porirua,-41.1382,174.8412,https://teahurumowai.co.nz/,"Ngāti Toa-connected community housing provider delivering public housing with wrap-around, locally grounded support across Porirua.",Public and community housing tenancies | Wrap-around whānau support | Housing Kaupapa Group partner,community housing | iwi-connected | whānau support
Porirua City Council,Council / Government,How We Roll,"How We Roll, How Stuff Works, Rangatahi",Porirua City Council,"16 Cobham Court, Porirua",-41.1371,174.8398,https://poriruacity.govt.nz/,"Local authority for Porirua. Partner on place-based initiatives, infrastructure investment, youth voice (Youth Council co-design) and the Te Awarua-o-Porirua Harbour Accord.",Youth Council co-design | Climate action plan | Water / stormwater resilience investment,local government | harbour accord | youth council
Kāinga Ora — Porirua,Council / Government,How We Roll,How We Roll,Kāinga Ora Porirua,Porirua,-41.139,174.841,https://kaingaora.govt.nz/,"Central government public housing provider. Significant landlord in Porirua, contributing to the housing continuum alongside Te Āhuru Mōwai and community housing providers.",Public housing tenancies | Healthy Homes upgrades | Regeneration projects,public housing | Healthy Homes
Metlink / Greater Wellington Regional Council,Council / Government,How Stuff Works,"How Stuff Works, Te Taiao",Porirua Train Station,Porirua,-41.138,174.8402,https://www.metlink.org.nz/,"Regional government body responsible for public transport (Metlink), harbour health and flood protection. Partners on last-mile connectivity and on-demand bus trials across Porirua.",On-demand bus trials | Te Awarua-o-Porirua Harbour Accord | Regional climate & flood response,public transport | harbour accord | regional
Porirua College,School / Kura,Know More Do More,"Know More Do More, Rangatahi",Porirua College,Porirua,-41.1395,174.844,https://www.poriruacollege.school.nz/,"Secondary school with a strong te ao Māori foundation. Hosts kura reo and climate mahi with rangatahi, part of the Porirua schools climate cluster.",Kura reo: taiao & climate | Rangatahi leadership programmes | Schools climate cluster participation,kura | rangatahi | taiao
Aotea College,School / Kura,Rangatahi,"Rangatahi, Know More Do More",Aotea College,"Aotea, Porirua",-41.129,174.8538,https://www.aotea.school.nz/,Secondary school serving northern Porirua. Partner for Mātiti Tamariki wānanga — sustainable practices reinstated and expanded across age ranges.,Mātiti Tamariki wānanga | Enviroschools participation | Cross-generational sustainability kaupapa,kura | rangatahi | enviroschools
Enviroschools Porirua cluster,School / Kura,Know More Do More,"Know More Do More, Te Taiao, Rangatahi",Porirua schools cluster,Porirua,-41.141,174.846,https://www.enviroschools.org.nz/,Local cluster of the national Enviroschools programme — tamariki-led climate and sustainability learning embedded in the curriculum across Porirua schools.,'Porirua Schools Step Up on Climate' campaign | Native planting with Ngahere Korowai | Curriculum-embedded sustainability,schools network | tamariki-led | curriculum
Porirua Harbour Trust,Advocacy / Research,Te Taiao,"Te Taiao, How Stuff Works",Te Awarua-o-Porirua Harbour,Porirua,-41.128,174.847,https://www.poriruaharbourtrust.org.nz/,"Community-led advocacy and restoration for Te Awarua-o-Porirua. Working bees, monitoring and education focused on stormwater, stream health and the wider harbour ecosystem.",Waterways restoration working bees | Porirua Stream water-quality monitoring | Schools education programmes,harbour | water quality | restoration
Te Reo o Ngā Tāngata / The People Speak,Advocacy / Research,How We Roll,"How We Roll, Rangatahi",Pātaka Art + Museum,"17 Parumoana Street, Porirua",-41.1363,174.8418,https://thepeoplespeak.nz/,Deliberative democracy specialists who partnered on the Porirua Assembly. Designs Te Tiriti-based citizens' assemblies and community-informed governance models.,Porirua Assembly co-design | Te Tiriti governance model workshops | Deliberative democracy research,deliberative | Te Tiriti | governance
Sustainability Trust,Advocacy / Research,How Stuff Works,"How Stuff Works, Know More Do More",Cannons Creek Community Hall,"Cannons Creek, Porirua (programme venue)",-41.1485,174.85,https://sustaintrust.org.nz/,"Wellington-region sustainability charity delivering Healthy Homes assessments, energy advice, tenant education and community solar + battery programmes across Porirua neighbourhoods.",Healthy Homes assessments | Community solar + battery info nights | Tenant energy advocacy,Healthy Homes | energy | solar
